{"cameraMode":{"drawMode":0,"name":"Shaded","section":"Shading Mode"},"sceneLighting":false,"audioPlay":false,"sceneViewState":{"m_AlwaysRefresh":false,"showFog":true,"showSkybox":false,"showFlares":true,"showImageEffects":true,"showParticleSystems":true,"showVisualEffectGraphs":true,"m_FxEnabled":true},"in2DMode":false,"pivot":{"x":1.1550440788269044,"y":0.2900906205177307,"z":0.017075086012482644},"rotation":{"x":-0.0004589152813423425,"y":-0.9995778203010559,"z":0.022808384150266649,"w":-0.027719341218471528},"size":3.184708595275879,"orthographic":false}