{"cameraMode":{"drawMode":0,"name":"Shaded","section":"Shading Mode"},"sceneLighting":false,"audioPlay":false,"sceneViewState":{"m_AlwaysRefresh":false,"showFog":true,"showSkybox":false,"showFlares":true,"showImageEffects":true,"showParticleSystems":true,"showVisualEffectGraphs":true,"m_FxEnabled":true},"in2DMode":false,"pivot":{"x":5.3082098960876469,"y":3.8735740184783937,"z":-2.5444583892822267},"rotation":{"x":0.036290910094976428,"y":-0.6990326642990112,"z":-0.03537650778889656,"w":-0.7136043310165405},"size":4.2004523277282719,"orthographic":false}