{"cameraMode":{"drawMode":0,"name":"Shaded","section":"Shading Mode"},"sceneLighting":false,"audioPlay":false,"sceneViewState":{"m_AlwaysRefresh":false,"showFog":true,"showSkybox":false,"showFlares":true,"showImageEffects":true,"showParticleSystems":true,"showVisualEffectGraphs":true,"m_FxEnabled":true},"in2DMode":false,"pivot":{"x":-0.014654168859124184,"y":1.8660873174667359,"z":-1.7487791776657105},"rotation":{"x":-0.3279974162578583,"y":0.035540565848350528,"z":-0.012692197225987912,"w":-0.944191575050354},"size":0.6987802386283875,"orthographic":false}