{"cameraMode":{"drawMode":0,"name":"Shaded","section":"Shading Mode"},"sceneLighting":false,"audioPlay":false,"sceneViewState":{"m_AlwaysRefresh":false,"showFog":true,"showSkybox":false,"showFlares":true,"showImageEffects":true,"showParticleSystems":true,"showVisualEffectGraphs":true,"m_FxEnabled":true},"in2DMode":false,"pivot":{"x":-0.004029631614685059,"y":0.27534419298171999,"z":0.009179145097732544},"rotation":{"x":0.0976904034614563,"y":0.8207268714904785,"z":-0.5437184572219849,"w":0.14846350252628327},"size":1.4098142385482789,"orthographic":false}