{"cameraMode":{"drawMode":0,"name":"Shaded","section":"Shading Mode"},"sceneLighting":false,"audioPlay":false,"sceneViewState":{"m_AlwaysRefresh":false,"showFog":true,"showSkybox":false,"showFlares":true,"showImageEffects":true,"showParticleSystems":true,"showVisualEffectGraphs":true,"m_FxEnabled":true},"in2DMode":false,"pivot":{"x":0.0016624927520751954,"y":-1.8097946643829346,"z":0.270116925239563},"rotation":{"x":0.032168712466955188,"y":-0.9375343322753906,"z":0.3397476375102997,"w":0.07679205387830734},"size":2.565605878829956,"orthographic":false}